Date,Trip,Reach,Night,Site,Fish Number,Fish.ID,Species,Body.Weight,Fork.Length,Expressed,US.Sex,US.Stage,US.Time,US.Phase,US.Gonad.Diameter,Dissect.Sex,Dissect.Stage,Dissect.Phase,True.Gonad.Diameter,Gonad.Weight,GSI,Histo.Sex,Histo.Stage,Histo.Phase,Fish.ID,Comments
05-Nov-21,Nov,1A,1,13,9,BNT001,Brown,600,375,U,F,TV,1,SPC,1.60,F,TV,SPC,25.17,59.80,9.97,F,TV,SPC,BNT001,
05-Nov-21,Nov,1A,1,15,10,BNT002,Brown,763,364,U,F ,TV,1,SPC,1.35,F,TV,SPC,18.59,140.30,18.39,F,TV,SPC,BNT002,
05-Nov-21,Nov,1A,1,597,11,BNT003,Brown,128,219,U,U,U,,U,,F,PG,IMM,3.03,0.20,0.16,F,CA,DEV,BNT003,
05-Nov-21,Nov,1A,1,598,14,BNT004,Brown,107,200,U,U,U,,U,,F,PG,IMM,3.49,0.30,0.28,F,CA,DEV,BNT004,
05-Nov-21,Nov,1A,1,19,20,BNT005,Brown,1269,450,U,M,ML,5,SPC,1.89,M,RI,SPC,15.21,25.20,1.99,M,RI,SPC,BNT005,
05-Nov-21,Nov,1A,1,20,22,BNT006,Brown,1109,560,U,M,U,,IMM,1.04,M,ES,DEV,3.86,0.80,0.07,M,SP,IMM,BNT006,
05-Nov-21,Nov,1A,1,601,23,BNT007,Brown,780,397,M,M,ML,10,SPC,1.69,M,RI,SPC,17.14,18.20,2.33,M,RI,SPC,BNT007,
05-Nov-21,Nov,1A,1,601,24,BNT008,Brown,473,330,U,F,TV,5,SPC,1.70,F,TV,SPC,26.05,78.70,16.64,F,TV,SPC,BNT008,
05-Nov-21,Nov,1A,1,23,30,BNT009,Brown,177,238,U,U,U,60,U,,F,PG,IMM,4.32,0.30,0.17,M,SP,IMM,BNT009,
05-Nov-21,Nov,1A,1,23,31,BNT010,Brown,472,337,M,M,ML,5,SPC,1.39,M,RI,SPC,19.45,0.98,0.21,M,RI,SPC,BNT010,
05-Nov-21,Nov,1A,1,24,33,BNT011,Brown,199,248,U,U,U,,U,,F,CA,DEV,5.91,0.70,0.35,F,CA,DEV,BNT011,
05-Nov-21,Nov,1A,1,24,36,BNT012,Brown,103,205,U,U,U,,U,,F,PG,IMM,3.57,0.10,0.10,F,PG,IMM,BNT012,
05-Nov-21,Nov,1A,1,605,37,BNT013,Brown,1449,489,U,M,ML,5,SPC,,M,SP,IMM,4.40,1.00,0.07,M,SP,IMM,BNT013,"Lots of fat, small gonad; ult measured fat"
05-Nov-21,Nov,1A,1,605,38,BNT014,Brown,760,427,U,M,U,,IMM,0.57,M,RG,REG,4.43,0.50,0.07,M,SP,IMM,BNT014,
05-Nov-21,Nov,1A,1,25,40,BNT015,Brown,953,400,U,M,ML,5,SPC,1.54,M,ML,SPC,19.12,16.20,1.70,M,RI,SPC,BNT015,
06-Nov-21,Nov,1A,2,13,42,BNT016,Brown,451,331,U,F,SV,5,DEV,1.72,F,TV,SPC,18.76,65.3,14.48,F,TV,SPC,BNT 016,
06-Nov-21,Nov,1A,2,13,43,BNT017,Brown,83,188,U,U,U,,U,0.29,F,PG,IMM,2.1,0.1,0.12,F,PG,IMM,BNT 017,1.5 cm down into tea?
06-Nov-21,Nov,1A,2,595,45,BNT018,Brown,94,201,U,M,U,,U,,M,SP,IMM,1.67,0.1,0.11,M,SP,IMM,BNT 018,
06-Nov-21,Nov,1A,2,594,47,BNT019,Brown,125,211,U,U,U,,U,,F,PG,IMM,4,0.2,0.16,F,CA,DEV,BNT 019,
06-Nov-21,Nov,1A,2,14,48,BNT020,Brown,773,366,U,F,TV,2,SPC,1.64,F,TV,SPC,26.91,114.1,14.76,F,TV,SPC,BNT 020,
06-Nov-21,Nov,1A,2,15,51,BNT021,Brown,92,195,U,U,U,,U,,F,PG,IMM,1.6,0.1,0.11,M,ES,DEV,BNT 021,
06-Nov-21,Nov,1A,2,597,54,BNT022,Brown,83,195,U,U,U,,U,,U,U,IMM,1.8,0.1,0.12,M,SP,IMM,BNT 022,
06-Nov-21,Nov,1A,2,598,60,BNT023,Brown,101,194,U,U,U,,U,,F,PG,IMM,3.18,0.1,0.10,F,CA,DEV,BNT 023,2.0 cm down in body cavity; 3.0 cm back from pect fins
06-Nov-21,Nov,1A,2,599,62,BNT024,Brown,904,406,U,F,TV,5,SPC,1.64,F,TV,SPC,34.42,132.9,14.70,F,TV,SPC,BNT 024,Very loose follicles
06-Nov-21,Nov,1A,2,22,72,BNT025,Brown,880,385,U,M,ML,3,SPC,1.36,M,ML,SPC,23.08,23.9,2.72,M,ML,SPC,BNT 025,
06-Nov-21,Nov,1A,2,22,73,BNT026,Brown,256,294,U,M,U,30,U,0.65,M,RG,REG,4.89,1,0.39,M,RG,REG,BNT 026,Possibly regressing
06-Nov-21,Nov,1A,2,24,76,BNT027,Brown,130,211,U,M,U,,U,1.11,U,U,IMM,2.96,0.2,0.15,M,ES,DEV,BNT 027,
06-Nov-21,Nov,1A,2,23,79,BNT028,Brown,82,188,U,U,U,,U,,U,U,IMM,2.79,0.1,0.12,M,SP,IMM,BNT 028,
07-Nov-21,Nov,1C,3,84,80,BNT029,Brown,1445,513,U,M,ML,5,SPC,2.40,M,RI,SPC,23.03,31.20,2.16,M,RI,SPC,BNT029,
07-Nov-21,Nov,1C,3,84,81,BNT030,Brown,1103,454,U,F,TV,5,SPC,1.84,F,OM,SPC,36.58,126.00,11.42,F,TV,SPC,BNT030,some are ovulated
07-Nov-21,Nov,1C,3,661,83,BNT031,Brown,1045,466,U,M,ML,5,SPC,1.57,M,RI,SPC,31.71,35.20,3.37,M,ML,SPC,BNT031,
07-Nov-21,Nov,1C,3,85,86,BNT032,Brown,210,260,U,F,PV,30,DEV,0.25,M,ES,DEV,2.55,0.20,0.10,M,SP,IMM,BNT032,
07-Nov-21,Nov,1C,3,663,89,BNT033,Brown,996,436,U,M,ML,5,SPC,1.43,M,RI,SPC,20.18,17.50,1.76,M,RI,SPC,BNT033,good ultrasound photo for this fish
07-Nov-21,Nov,1C,3,663,91,BNT034,Brown,659,364,U,M,ML,30,SPC,1.89,M,RI,SPC,18.45,19.00,2.88,M,RI,SPC,BNT034,
07-Nov-21,Nov,1C,3,664,93,BNT035,Brown,1273,497,U,F,OM,5,SPC,2.25,F,OM,SPC,33.41,158.70,12.47,F,TV,SPC,BNT035,
07-Nov-21,Nov,1C,3,664,95,BNT036,Brown,297,285,U,F,CA,60,DEV,0.30,M,ES,DEV,2.58,0.40,0.13,M,ES,DEV,BNT036,"Ultrasound image is right tissue, wrong sex call"
07-Nov-21,Nov,1C,3,664,96,BNT037,Brown,685,367,U,F,OM,10,SPC,2.34,F,OM,SPC,32.37,117.90,17.21,F,TV,SPC,BNT037,
07-Nov-21,Nov,1C,3,87,101,BNT038,Brown,173,225,U,U,U,30,IMM,,M,ES,DEV,1.69,0.30,0.17,M,SP,IMM,BNT038,
07-Nov-21,Nov,1C,3,665,103,BNT039,Brown,223,232,U,M,ML,5,SPC,1.54,M,RI,SPC,15.60,10.30,4.62,M,ML,SPC,BNT039,"Took spleen, looked sooo nice"
07-Nov-21,Nov,1C,3,665,106,BNT040,Brown,213,243,U,U,U,30,IMM,,F,CA,DEV,4.65,0.20,0.09,F,CA,DEV,BNT040,
07-Nov-21,Nov,1C,3,666,107,BNT041,Brown,548,338,U,F,TV,5,SPC,1.50,F,TV,SPC,24.53,74.90,13.67,F,TV,SPC,BNT041,
07-Nov-21,Nov,1C,3,666,108,BNT042,Brown,620,353,U,M,ML,5,SPC,1.99,M,RI,SPC,17.44,13.30,2.15,M,RI,SPC,BNT042,
07-Nov-21,Nov,1C,3,666,109,BNT043,Brown,70,165,U,U,U,,IMM,,M,U,IMM,9.68,3.10,4.43,I,M-ML F-PG,SPC,BNT043,"lots of fat or testes, possibly spawning, saved pieces of each; Severity Index 1; 1 primary growth oocyte"
07-Nov-21,Nov,1C,3,667,110,BNT044,Brown,492,318,U,M,ML,5,SPC,1.56,M,RI,SPC,14.24,18.60,3.78,M,RI,SPC,BNT044,
07-Nov-21,Nov,1C,3,90,111,BNT045,Brown,68,179,U,U,U,,IMM,,F,CA,DEV,3.16,0.10,0.15,F,CA,DEV,BNT045,
07-Nov-21,Nov,1C,3,90,112,BNT046,Brown,403,323,U,M,ML,5,SPC,1.49,M,ES,DEV,2.28,0.30,0.07,M,SP,IMM,BNT046,
07-Nov-21,Nov,1C,3,90,113,BNT047,Brown,104,206,U,U,U,90,IMM,,M,ES,DEV,1.00,0.10,0.10,M,SP,IMM,BNT047,
07-Nov-21,Nov,1C,3,90,114,BNT048,Brown,144,221,U,U,U,90,IMM,,U,U,IMM,1.00,0.10,0.07,M,SP,IMM,BNT048,
07-Nov-21,Nov,1C,3,91,116,BNT049,Brown,103,182,U,U,U,,IMM,,F,CA,DEV,4.62,0.30,0.29,F,CA,DEV,BNT049,
07-Nov-21,Nov,1C,3,91,117,BNT050,Brown,153,224,U,M,ES,30,DEV,,M,ES,DEV,2.84,0.20,0.13,M,SP,IMM,BNT050,
07-Nov-21,Nov,1C,3,92,121,BNT051,Brown,827,384,M,M,ML,5,SPC,2.07,M,RI,SPC,22.35,19.60,2.37,I,M-RI F-PG,IMM,BNT051,Severity Index 2
07-Nov-21,Nov,1C,3,92,122,BNT052,Brown,1311,471,M,M,ML,5,SPC,2.37,M,RI,SPC,27.91,22.90,1.75,M,RI,SPC,BNT052,"spermiating a lot, 1 small lobe"
07-Nov-21,Nov,1C,3,92,123,BNT053,Brown,101,195,U,U,U,,IMM,,U,U,IMM,1.00,0.10,0.10,M,SP,IMM,BNT053,
07-Nov-21,Nov,1C,3,669,125,BNT054,Brown,726,384,U,M,ML,5,SPC,1.74,M,RI,SPC,20.64,13.30,1.83,M,RI,SPC,BNT054,
07-Nov-21,Nov,1C,3,669,127,BNT055,Brown,174,253,U,U,U,,IMM,,M,ES,DEV,1.97,0.20,0.11,M,SP,IMM,BNT055,
07-Nov-21,Nov,1C,3,94,133,BNT056,Brown,331,285,U,F,TV,5,SPC,1.96,F,TV,SPC,23.56,33.60,10.15,F,TV,SPC,BNT056,
07-Nov-21,Nov,1C,3,94,134,BNT057,Brown,973,441,U,M,ML,5,SPC,2.28,M,RI,SPC,26.80,27.00,2.77,I,M-ML F-PG,IMM,BNT057,Severity Index 2
07-Nov-21,Nov,1C,3,94,135,BNT058,Brown,135,226,U,U,U,60,IMM,,M,ES,DEV,2.02,0.20,0.15,M,SP,IMM,BNT058,
07-Nov-21,Nov,1C,3,94,136,BNT059,Brown,88.3,196,U,U,U,,IMM,,M,ES,DEV,1.51,0.20,0.23,M,ES,DEV,BNT059,
07-Nov-21,Nov,1C,3,671,137,BNT060,Brown,1287,459,U,F,RG,60,REG,2.41,F,RG,REG,52.38,306.20,23.79,F,RG,REG,BNT060,"Atretic, 2 vials (A&B)"
07-Nov-21,Nov,1C,3,671,138,BNT061,Brown,152,236,U,U,U,,IMM,,F,CA,DEV,2.00,0.30,0.20,F,CA,DEV,BNT061,
07-Nov-21,Nov,1C,3,672,140,BNT062,Brown,422,331,U,F,SV,5,DEV,1.68,F,TV,SPC,18.76,29.10,6.90,F,TV,SPC,BNT062,
07-Nov-21,Nov,1C,3,97,141,BNT063,Brown,947,452,U,F,RG,60,REG,,M,ES,DEV,4.83,0.80,0.08,M,SP,IMM,BNT063,"TSM site, huge stomach in the U/S image"
08-Nov-21,Nov,1C,4,662,146,BNT064,Brown,1161,505,U,F,TV,10,SPC,2.11,F,TV,SPC,33.90,86.00,7.41,F,TV,SPC,BNT064,Possibly big atretic mass
08-Nov-21,Nov,1C,4,86,147,BNT065,Brown,318,285,U,M,ML,5,SPC,1.92,M,RI,SPC,18.00,10.60,3.33,M,RI,SPC,BNT065,
08-Nov-21,Nov,1C,4,663,148,BNT066,Brown,1110,456,U,M,ML,5,SPC,2.60,M,RI,SPC,29.34,31.40,2.83,M,RI,SPC,BNT066,
08-Nov-21,Nov,1C,4,663,149,BNT067,Brown,627,352,U,F,OM,10,SPC,2.22,F,TV,SPC,39.61,117.20,18.69,F,TV,SPC,BNT067,
08-Nov-21,Nov,1C,4,663,150,BNT068,Brown,874,438,U,F,TV,5,SPC,1.69,F,TV,SPC,33.86,88.00,10.07,F,TV,SPC,BNT068,
08-Nov-21,Nov,1C,4,663,151,BNT069,Brown,1215,453,U,M,ML,5,SPC,2.23,M,RI,SPC,21.92,38.90,3.20,M,RI,SPC,BNT069,
08-Nov-21,Nov,1C,4,664,152,BNT070,Brown,134,222,U,U,U,,U,,F,CA,DEV,3.33,0.10,0.07,F,CA,DEV,BNT070,
08-Nov-21,Nov,1C,4,664,154,BNT071,Brown,101,206,U,U,U,,U,,U,U,IMM,1.00,0.10,0.10,M,SP,IMM,BNT071,
08-Nov-21,Nov,1C,4,664,155,BNT072,Brown,573,357,U,F,SV,5,DEV,1.41,F,TV,SPC,21.75,53.60,9.35,F,TV,SPC,BNT072,
08-Nov-21,Nov,1C,4,665,159,BNT073,Brown,109,198,U,U,U,,U,,F,CA,DEV,3.86,0.10,0.09,F,CA,DEV,BNT073,
08-Nov-21,Nov,1C,4,665,160,BNT074,Brown,887,400,U,F,TV,5,SPC,2.89,F,TV,SPC,42.33,142.70,16.09,F,TV,SPC,BNT074,Abnormal section was all atretic TV; assigning TV for now as don't know if it is 50% atresia throughout
08-Nov-21,Nov,1C,4,665,161,BNT075,Brown,147,229,U,U,U,,U,,F,CA,DEV,3.74,0.40,0.27,F,CA,DEV,BNT075,
08-Nov-21,Nov,1C,4,88,162,BNT076,Brown,87,185,U,U,U,,U,,U,U,IMM,1.00,0.10,0.11,M,SP,IMM,BNT076,
08-Nov-21,Nov,1C,4,88,163,BNT077,Brown,123,215,U,U,U,,U,,M,ES,DEV,1.00,0.10,0.08,M,SP,IMM,BNT077,
08-Nov-21,Nov,1C,4,667,167,BNT078,Brown,630,366,U,M,ML,5,SPC,1.34,M,RI,SPC,14.68,13.70,2.17,M,RI,SPC,BNT078,
08-Nov-21,Nov,1C,4,667,168,BNT079,Brown,159,224,U,U,U,,U,,U,U,IMM,1.00,0.10,0.06,M,ES,DEV,BNT079,
08-Nov-21,Nov,1C,4,92,172,BNT080,Brown,86,192,U,U,U,,IMM,,M,ES,DEV,1.00,0.10,0.12,M,SP,IMM,BNT080,
08-Nov-21,Nov,1C,4,93,173,BNT081,Brown,693,402,U,F,PV,60,DEV,0.54,M,ES,DEV,2.86,0.40,0.06,M,SP,IMM,BNT081,
08-Nov-21,Nov,1C,4,669,175,BNT082,Brown,53,158,U,U,U,,IMM,,U,U,IMM,1.00,0.10,0.19,F,PG,IMM,BNT082,
08-Nov-21,Nov,1C,4,669,176,BNT083,Brown,731,423,U,U,U,,IMM,,M,ES,DEV,3.66,0.90,0.12,M,RG,REG,BNT083,
08-Nov-21,Nov,1C,4,669,177,BNT084,Brown,177,244,U,U,U,,IMM,,F,CA,DEV,3.31,0.20,0.11,F,PG,IMM,BNT084,
08-Nov-21,Nov,1C,4,94,179,BNT085,Brown,111,211,U,U,U,,IMM,,F,CA,DEV,3.57,0.20,0.18,F,CA,DEV,BNT085,
08-Nov-21,Nov,1C,4,94,180,BNT086,Brown,940,435,U,M,ML,5,SPC,2.21,M,RI,SPC,25.33,21.60,2.30,M,RI,SPC,BNT086,
08-Nov-21,Nov,1C,4,671,184,BNT087,Brown,196,254,U,U,U,,IMM,,U,U,IMM,1.78,0.10,0.05,M,SP,IMM,BNT087,
08-Nov-21,Nov,1C,4,671,185,BNT088,Brown,605,336,U,M,ML,5,SPC,1.59,M,RI,SPC,17.37,16.40,2.71,M,RI,SPC,BNT088,"Possibly site 95, check Josh's Data"
08-Nov-21,Nov,1C,4,671,186,BNT089,Brown,562,355,U,F,TV,5,SPC,1.95,F,TV,SPC,21.69,72.80,12.95,F,TV,SPC,BNT089,"Possibly site 95, check Josh's Data"
08-Nov-21,Nov,1C,4,672,188,BNT090,Brown,345,313,U,M,ML,5,SPC,1.33,M,RI,SPC,13.35,8.40,2.43,M,RI,SPC,BNT090,
06-Nov-21,Nov,1A,2,593,41,RBT 027,Rainbow,409,345,U,M,ML,5,SPC,1.52,M,RI,SPC,9.84,12.3,3.01,M,ML,SPC,RBT 027,possible eggs attached to pyloric c; added to histo vial
06-Nov-21,Nov,1A,2,13,44,RBT 028,Rainbow,319,304,U,F,PV,,DEV,1.87,F,SV,DEV,12.16,6.7,2.10,F,SV,DEV,RBT 028,
06-Nov-21,Nov,1A,2,594,46,RBT 029,Rainbow,645,392,U,M,ML,1,SPC,1.59,M,RI,SPC,12.02,20.1,3.12,M,ML,SPC,RBT 029,
06-Nov-21,Nov,1A,2,596,49,RBT 030,Rainbow,330,308,U,F,PV,2,DEV,1.1,F,SV,DEV,12.05,8.5,2.58,F,SV,DEV,RBT 030,
06-Nov-21,Nov,1A,2,15,50,RBT 031,Rainbow,388,323,U,F,SV,5,DEV,0.73,F,TV,SPC,17.86,17.1,4.41,F,SV,DEV,RBT 031,
06-Nov-21,Nov,1A,2,15,52,RBT 032,Rainbow,163,234,U,M,ML,,SPC,,U,U,IMM,1,0.1,0.06,M,SP,IMM,RBT 032,Fat in ULT image
06-Nov-21,Nov,1A,2,597,53,RBT 033,Rainbow,385,328,U,M,ML,,SPC,1.66,M,ML,SPC,15.03,10.1,2.62,M,ML,SPC,RBT 033,Saved over image
06-Nov-21,Nov,1A,2,16,55,RBT 034,Rainbow,533,370,U,F,SV,,DEV,1.9,F,TV,SPC,23.64,25.6,4.80,F,SV,DEV,RBT 034,
06-Nov-21,Nov,1A,2,16,56,RBT 035,Rainbow,824,415,U,M,ML,,SPC,1.91,M,RI,SPC,21.95,41.3,5.01,M,ML,SPC,RBT 035,
06-Nov-21,Nov,1A,2,16,57,RBT 036,Rainbow,66,170,U,U,U,,U,,F,PG,IMM,1.56,0.1,0.15,F,PG,IMM,RBT 036,
06-Nov-21,Nov,1A,2,17,58,RBT 037,Rainbow,72,177,U,M,ML,,SPC,1.27,M,RI,SPC,13.46,4.5,6.25,M,ML,SPC,RBT 037,
06-Nov-21,Nov,1A,2,598,59,RBT 038,Rainbow,458,340,U,F,SV,,DEV,1.43,F,SV,DEV,11.93,9.6,2.10,F,SV,DEV,RBT 038,
06-Nov-21,Nov,1A,2,598,61,RBT 039,Rainbow,311,315,U,M,ML,5,SPC,1.11,M,ML,SPC,9.57,6.4,2.06,M,ML,SPC,RBT 039,Great ULT image
06-Nov-21,Nov,1A,2,599,63,RBT 040,Rainbow,333,317,U,F,RG,,REG,,U,U,IMM,1,0.1,0.03,M,SP,IMM,RBT 040,ULT image is not gonad
06-Nov-21,Nov,1A,2,18,64,RBT 041,Rainbow,131,224,U,M,ML,5,SPC,1.27,M,ML,SPC,20.87,10.7,8.17,M,ML,SPC,RBT 041,
06-Nov-21,Nov,1A,2,600,65,RBT 042,Rainbow,107,204,U,U,U,,U,,U,U,IMM,1,0.1,0.09,M,SP,IMM,RBT 042,
06-Nov-21,Nov,1A,2,619,66,RBT 043,Rainbow,342,317,U,F,TV,15,SPC,1.68,F,TV,SPC,15.66,13.5,3.95,F,SV,DEV,RBT 043,Very loose follicles
06-Nov-21,Nov,1A,2,19,67,RBT 044,Rainbow,528,354,U,M,ML,4,SPC,1.13,M,RI,SPC,13.34,18.9,3.58,M,ML,SPC,RBT 044,Abnormal testes; section included
06-Nov-21,Nov,1A,2,601,68,RBT 045,Rainbow,378,322,U,F,SV,10,DEV,1.34,F,TV,SPC,19.52,26.6,7.04,F,SV,DEV,RBT 045,
06-Nov-21,Nov,1A,2,20,69,RBT 046,Rainbow,455,353,M,M,ML,3,SPC,1.18,M,RI,SPC,20.63,19.2,4.22,M,ML,SPC,RBT 046,
06-Nov-21,Nov,1A,2,21,70,RBT 047,Rainbow,468,342,U,U,U,,U,,U,U,IMM,1,0.1,0.02,M,SP,IMM,RBT 047,
06-Nov-21,Nov,1A,2,604,71,RBT 048,Rainbow,60,173,U,U,U,,U,,U,U,IMM,1,0.1,0.17,M,SP,IMM,RBT 048,
06-Nov-21,Nov,1A,2,22,74,RBT 049,Rainbow,170,248,U,F,PG,,IMM,,F,PG,IMM,3.15,0.1,0.06,F,PG,IMM,RBT 049,Called F on ULT but not confident
06-Nov-21,Nov,1A,2,24,75,RBT 050,Rainbow,455,362,U,M,U,,U,0.52,U,U,IMM,1.88,0.1,0.02,M,SP,IMM,RBT 050,"Lots of fat, odd watery thing placed in histo vial"
06-Nov-21,Nov,1A,2,24,77,RBT 051,Rainbow,230,277,U,M,ML,,SPC,0.84,F,PG,IMM,3.61,0.6,0.26,F,CA,DEV,RBT 051,
06-Nov-21,Nov,1A,2,23,78,RBT 052,Rainbow,423,325,U,F,PV,,DEV,0.86,F,SV,DEV,11.64,10.1,2.39,F,SV,DEV,RBT 052,Atresia mixed in gonad; some atretic SV OF; not numerous enough to assign as RG
05-Nov-21,Nov,1A,1,13,1,RBT001,Rainbow,456,338,U,M,ML,5,SPC,1.15,M,ML,SPC,14.56,18.20,3.99,M,ML,SPC,RBT001,Missing a section of right lobe
05-Nov-21,Nov,1A,1,594,2,RBT003,Rainbow,404,335,U,M,ES,5,DEV,0.32,M,SP,IMM,1.00,0.10,0.02,M,SP,IMM,RBT003,
05-Nov-21,Nov,1A,1,14,3,RBT004,Rainbow,244,273,U,U,U,5.9,U,,M,SP,IMM,1.00,0.10,0.04,M,SP,IMM,RBT004,ULT image is intestine
05-Nov-21,Nov,1A,1,15,4,RBT005,Rainbow,489,357,U,U,U,,U,,F,CA,DEV,4.49,0.90,0.18,F,CA,DEV,RBT005,
05-Nov-21,Nov,1A,1,596,5,RBT006,Rainbow,380,310,U,F,TV,1,SPC,1.00,F,SV,DEV,16.13,23.30,6.13,F,TV,SPC,RBT006,
05-Nov-21,Nov,1A,1,596,6,RBT007,Rainbow,334,309,U,F,SV,1,DEV,1.19,F,SV,DEV,13.11,9.90,2.96,F,TV,SPC,RBT007,
05-Nov-21,Nov,1A,1,16,7,RBT008,Rainbow,379,330,U,U,U,60,U,,U,U,IMM,1.00,0.10,0.03,M,SP,IMM,RBT008,
05-Nov-21,Nov,1A,1,17,8,RBT009,Rainbow,1021,467,U,F,SV,1,DEV,2.30,F,TV,SPC,21.25,38.50,3.77,F,TV,SPC,RBT009,
05-Nov-21,Nov,1A,1,597,12,RBT010,Rainbow,340,325,U,M,U,75,IMM,,U,U,IMM,1.00,0.10,0.03,M,SP,IMM,RBT010,ULT gonad diam is not gonad
05-Nov-21,Nov,1A,1,598,13,RBT011,Rainbow,188,248,U,U,U,75,U,,U,U,IMM,1.00,0.10,0.05,M,SP,IMM,RBT011,
05-Nov-21,Nov,1A,1,598,15,RBT012,Rainbow,300,322,U,U,U,,U,,F,RG,REG,,16.40,5.47,F,RG,REG,RBT012,Atretic photo; large atretic OF in histo
05-Nov-21,Nov,1A,1,18,16,RBT013,Rainbow,322,307,U,F,SV,5,DEV,1.09,F,SV,DEV,12.29,16.80,5.22,F,TV,SPC,RBT013,
05-Nov-21,Nov,1A,1,599,17,RBT014,Rainbow,462,360,U,F,TV,5,SPC,1.30,F,TV,SPC,17.26,33.90,7.34,F,TV,SPC,RBT014,
05-Nov-21,Nov,1A,1,599,18,RBT015,Rainbow,347,306,U,M,U,,IMM,0.74,F,PG,IMM,2.91,0.60,0.17,F,CA,DEV,RBT015,
05-Nov-21,Nov,1A,1,19,19,RBT016,Rainbow,301,299,U,U,U,,U,,U,U,IMM,1.00,0.10,0.03,M,SP,IMM,RBT016,
05-Nov-21,Nov,1A,1,20,21,RBT017,Rainbow,262,291,U,M,ML,30,SPC,0.76,M,RI,SPC,13.42,8.90,3.40,M,ML,SPC,RBT017,
05-Nov-21,Nov,1A,1,21,25,RBT018,Rainbow,541,365,U,F,TV,5,SPC,1.96,F,TV,SPC,18.33,54.30,10.04,F,TV,SPC,RBT018,
05-Nov-21,Nov,1A,1,602,26,RBT019,Rainbow,270,292,U,F,TV,5,SPC,1.40,F,TV,SPC,13.28,16.00,5.93,F,TV,SPC,RBT019,
05-Nov-21,Nov,1A,1,22,27,RBT020,Rainbow,350,305,U,F,SV,1,DEV,1.23,F,TV,SPC,12.11,16.60,4.74,F,TV,SPC,RBT020,Saved dark spleen
05-Nov-21,Nov,1A,1,603,28,RBT021,Rainbow,169,226,U,U,U,90,U,,F,PG,IMM,1.95,0.10,0.06,F,PG,IMM,RBT021,
05-Nov-21,Nov,1A,1,603,29,RBT022,Rainbow,663,388,U,M,ML,10,SPC,1.76,M,RI,SPC,11.39,18.90,2.85,M,ML,SPC,RBT022,
05-Nov-21,Nov,1A,1,604,32,RBT023,Rainbow,282,293,U,U,U,,U,,U,U,IMM,1.00,0.10,0.04,M,SP,IMM,RBT023,
05-Nov-21,Nov,1A,1,24,34,RBT024,Rainbow,560,370,U,M,ML,5,SPC,2.21,M,ML,SPC,16.11,17.60,3.14,M,ML,SPC,RBT024,
05-Nov-21,Nov,1A,1,24,35,RBT025,Rainbow,224,262,U,U,U,,U,,F,PG,IMM,3.18,0.30,0.13,F,CA,DEV,RBT025,
05-Nov-21,Nov,1A,1,25,39,RBT026,Rainbow,597,397,U,F,SV,5,SPC,1.09,F,SV,SPC,15.63,19.50,3.27,F,SV,DEV,RBT026,Atresia from last spawn
07-Nov-21,Nov,1C,3,84,82,RBT053,Rainbow,117,212,U,M,ES,60,DEV,0.63,U,U,IMM,1.00,0.10,0.09,M,SP,IMM,RBT053,
07-Nov-21,Nov,1C,3,661,84,RBT054,Rainbow,310,313,U,F,SV,5,DEV,1.51,F,SV,DEV,14.25,8.70,2.81,F,RG,REG,RBT054,big difference in ovarian follicle diameter; SV with over half atretic
07-Nov-21,Nov,1C,3,662,85,RBT055,Rainbow,282,281,U,F,SV,5,DEV,1.29,F,TV,SPC,13.85,15.10,5.35,F,SV,DEV,RBT055,
07-Nov-21,Nov,1C,3,85,87,RBT056,Rainbow,357,320,U,F,PV,90,DEV,0.56,F,CA,DEV,6.07,1.20,0.34,F,CA,DEV,RBT056,
07-Nov-21,Nov,1C,3,85,88,RBT057,Rainbow,322,289,U,F,SV,30,DEV,1.16,F,SV,DEV,10.81,9.10,2.83,F,SV,DEV,RBT057,ovarian trauma
07-Nov-21,Nov,1C,3,663,90,RBT058,Rainbow,243,299,U,M,ML,30,SPC,0.56,F,CA,DEV,4.28,0.40,0.16,F,PG,IMM,RBT058,
07-Nov-21,Nov,1C,3,664,92,RBT059,Rainbow,409,360,U,F,PV,10,DEV,0.55,F,CA,DEV,4.12,1.20,0.29,F,CA,DEV,RBT059,Atresia from last cycle evident in histology
07-Nov-21,Nov,1C,3,664,94,RBT060,Rainbow,596,382,U,M,ML,5,SPC,1.38,M,RI,SPC,13.38,16.80,2.82,M,ML,SPC,RBT060,
07-Nov-21,Nov,1C,3,664,97,RBT061,Rainbow,207,262,U,M,ES,30,DEV,,U,U,IMM,1.00,0.10,0.05,M,SP,IMM,RBT061,
07-Nov-21,Nov,1C,3,664,98,RBT062,Rainbow,105,192,U,U,U,30,IMM,,U,U,IMM,2.28,0.20,0.19,F,PG,IMM,RBT062,
07-Nov-21,Nov,1C,3,87,99,RBT063,Rainbow,297,295,U,M,ML,5,SPC,1.07,M,RI,SPC,14.22,11.50,3.87,M,ML,SPC,RBT063,
07-Nov-21,Nov,1C,3,87,100,RBT064,Rainbow,193,268,U,U,U,30,IMM,,U,U,IMM,1.00,0.10,0.05,M,SP,IMM,RBT064,
07-Nov-21,Nov,1C,3,88,102,RBT065,Rainbow,207,263,U,F,SV,5,DEV,1.16,F,TV,SPC,11.59,8.00,3.86,F,SV,DEV,RBT065,
07-Nov-21,Nov,1C,3,665,104,RBT066,Rainbow,81,182,U,U,U,30,IMM,,U,U,IMM,1.00,0.10,0.12,M,SP,IMM,RBT066,fatty
07-Nov-21,Nov,1C,3,665,105,RBT067,Rainbow,74.8,183,U,U,U,30,IMM,,U,U,IMM,1.00,0.10,0.13,F,PG,IMM,RBT067,
07-Nov-21,Nov,1C,3,91,115,RBT068,Rainbow,337,313,U,M,ML,5,SPC,1.79,M,RI,SPC,15.70,12.60,3.74,M,ML,SPC,RBT068,
07-Nov-21,Nov,1C,3,668,118,RBT069,Rainbow,68,193,U,U,U,,IMM,,U,U,IMM,1.00,0.10,0.15,F,PG,IMM,RBT069,
07-Nov-21,Nov,1C,3,668,119,RBT070,Rainbow,386,373,U,F,SV,5,DEV,1.13,F,SV,DEV,12.06,11.20,2.90,F,TV,SPC,RBT070,"multiple follicle sizes, dark pigments"
07-Nov-21,Nov,1C,3,668,120,RBT071,Rainbow,502,364,U,M,ML,5,SPC,1.56,M,RI,SPC,16.26,15.20,3.03,M,ML,SPC,RBT071,
07-Nov-21,Nov,1C,3,669,124,RBT072,Rainbow,542,362,U,M,ML,5,SPC,1.89,M,RI,SPC,18.51,17.00,3.14,M,ML,SPC,RBT072,
07-Nov-21,Nov,1C,3,669,126,RBT073,Rainbow,285,303,U,F,SV,10,DEV,1.17,F,SV,DEV,10.78,6.20,2.18,F,TV,SPC,RBT073,
07-Nov-21,Nov,1C,3,669,128,RBT074,Rainbow,370,321,U,F,SV,5,DEV,1.40,F,SV,DEV,14.25,9.10,2.46,F,TV,SPC,RBT074,
07-Nov-21,Nov,1C,3,669,129,RBT075,Rainbow,336,301,U,F,SV,5,DEV,1.83,F,TV,SPC,19.92,21.50,6.40,F,TV,SPC,RBT075,
07-Nov-21,Nov,1C,3,93,130,RBT076,Rainbow,295,273,U,M,ML,5,SPC,1.51,M,RI,SPC,16.78,15.10,5.12,M,ML,SPC,RBT076,
07-Nov-21,Nov,1C,3,93,131,RBT077,Rainbow,288,302,U,M,U,,IMM,,U,U,IMM,1.00,0.10,0.03,M,SP,IMM,RBT077,
07-Nov-21,Nov,1C,3,670,132,RBT078,Rainbow,158,234,U,M,ML,5,SPC,1.16,M,RI,SPC,12.85,9.20,5.82,M,ML,SPC,RBT078,
07-Nov-21,Nov,1C,3,672,139,RBT079,Rainbow,111,209,U,M,ML,5,SPC,,U,U,IMM,1.00,0.10,0.09,M,SP,IMM,RBT079,U/S image was intestine or stomach
08-Nov-21,Nov,1C,4,84,142,RBT080,Rainbow,72,179,U,U,U,60,U,,F,PG,IMM,1.00,0.10,0.14,F,PG,IMM,RBT080,
08-Nov-21,Nov,1C,4,84,143,RBT081,Rainbow,640,408,M,M,ML,5,SPC,1.72,M,RI,SPC,16.55,12.40,1.94,M,RI,SPC,RBT081,
08-Nov-21,Nov,1C,4,85,144,RBT082,Rainbow,260,297,U,U,U,30,U,,M,ES,DEV,1.00,0.10,0.04,M,SP,IMM,RBT082,
08-Nov-21,Nov,1C,4,85,145,RBT083,Rainbow,737,399,U,M,ML,5,SPC,2.14,M,RI,SPC,20.03,31.70,4.30,M,ML,SPC,RBT083,
08-Nov-21,Nov,1C,4,664,153,RBT084,Rainbow,228,287,U,U,U,,U,,U,U,IMM,1.00,0.10,0.04,M,SP,IMM,RBT084,
08-Nov-21,Nov,1C,4,87,156,RBT085,Rainbow,50,165,U,U,U,,U,,U,U,IMM,1.00,0.10,0.20,F,PG,IMM,RBT085,
08-Nov-21,Nov,1C,4,87,157,RBT086,Rainbow,212,274,U,U,U,,U,,F,PG,IMM,3.32,0.60,0.28,F,RG,REG,RBT086,PG oocytes plus few CA OF and larger recent atretic OF
08-Nov-21,Nov,1C,4,665,158,RBT087,Rainbow,59,169,U,U,U,,U,,U,U,IMM,1.00,0.10,0.17,M,SP,IMM,RBT087,
08-Nov-21,Nov,1C,4,89,164,RBT088,Rainbow,53,166,U,U,U,,U,,U,U,IMM,1.00,0.10,0.19,M,SP,IMM,RBT088,
08-Nov-21,Nov,1C,4,90,165,RBT089,Rainbow,391,341,U,F,SV,5,DEV,0.73,F,SV,DEV,7.00,7.50,1.92,F,SV,DEV,RBT089,Multiple sizes of ovarian follicles; variable sizes seen in histology but no evidence of atresia
08-Nov-21,Nov,1C,4,91,166,RBT090,Rainbow,371,337,U,U,U,,U,,F,CA,DEV,2.54,0.50,0.13,F,RN,REG,RBT090,Old atretics from last cycle are small and resorbing; RN to reflect spawning before; PG throughout; PG is never spawned before
08-Nov-21,Nov,1C,4,667,169,RBT091,Rainbow,513,366,U,F,SV,5,DEV,1.47,F,TV,SPC,17.33,31.20,6.08,F,TV,SPC,RBT091,
08-Nov-21,Nov,1C,4,668,170,RBT092,Rainbow,299,328,U,U,U,,U,,U,U,IMM,1.00,0.10,0.03,M,SP,IMM,RBT092,
08-Nov-21,Nov,1C,4,668,171,RBT093,Rainbow,162,243,U,F,SV,5,DEV,0.83,F,SV,DEV,8.46,3.90,2.41,F,TV,SPC,RBT093,
08-Nov-21,Nov,1C,4,93,174,RBT094,Rainbow,578,370,U,F,TV,5,SPC,1.82,F,TV,SPC,17.29,28.80,4.98,F,TV,SPC,RBT094,
08-Nov-21,Nov,1C,4,669,178,RBT095,Rainbow,125,220,U,U,U,,IMM,,U,U,IMM,1.00,0.10,0.08,M,SP,IMM,RBT095,
08-Nov-21,Nov,1C,4,94,181,RBT096,Rainbow,124,220,U,U,U,,IMM,,F,CA,DEV,4.50,0.10,0.08,F,PG,IMM,RBT096,
08-Nov-21,Nov,1C,4,94,182,RBT097,Rainbow,76,192,U,U,U,,IMM,,F,CA,DEV,4.06,0.10,0.13,F,PG,IMM,RBT097,
08-Nov-21,Nov,1C,4,670,183,RBT098,Rainbow,159,246,U,U,U,,IMM,,F,CA,DEV,3.40,0.30,0.19,F,CA,DEV,RBT098,
08-Nov-21,Nov,1C,4,671,187,RBT099,Rainbow,498,370,U,M,ML,10,SPC,1.52,M,RI,SPC,17.01,20.99,4.21,M,ML,SPC,RBT099,
21-Jan-22,Jan,1A,1,16,195,BNT002,Brown,985,476,M,M,RI,30,,0.85,M,RI,SPC,9.35,21.20,2.15,,,,,
21-Jan-22,Jan,1A,1,596,196,BNT003,Brown,500,352,U,U,U,90,,,F,RG,REG,9.03,3.60,0.72,,,,,Post ovuletory/reg-nothing left
21-Jan-22,Jan,1A,1,17,198,BNT004,Brown,1242,456,M,M,RI,30,,1.58,M,RI,SPC,16.20,12.30,0.99,,,,,
21-Jan-22,Jan,1A,1,598,201,BNT005,Brown,82,185,U,U,U,30,,,U,U,IMM,1.20,0.20,0.24,,,,,
21-Jan-22,Jan,1A,1,598,202,BNT006,Brown,133,225,U,U,U,30,,,F,PV,,3.85,0.40,0.30,,,,,
21-Jan-22,Jan,1A,1,19,203,BNT007,Brown,78,185,U,U,U,30,,,U,U,IMM,1.28,0.10,0.13,,,,,
21-Jan-22,Jan,1A,1,600,210,BNT008,Brown,205,261,U,IMM,F,60,,0.15,F,CA,,3.31,0.40,0.20,,,,,
21-Jan-22,Jan,1A,1,21,211,BNT009,Brown,146,222,M,M,RI,<30,,0.87,M,RI,SPC,9.77,4.20,2.88,,,,,
21-Jan-22,Jan,1A,1,602,215,BNT010,Brown,1359,581,U,M,ML,60,,0.35,M,RG,REG,3.24,0.80,0.06,,,,,
21-Jan-22,Jan,1A,1,604,219,BNT012,Brown,606,366,U,M,ML,60,,1.03,M,RI,SPC,9.44,4.50,0.74,,,,,
21-Jan-22,Jan,1A,1,23,220,BNT013,Brown,163,230,U,U,U,30,,,M,ES,,2.11,0.30,0.18,,,,,
21-Jan-22,Jan,1A,1,23,222,BNT014,Brown,261,255,U,U,U,90,,,U,U,IMM,1.00,0.10,0.04,,,,,
21-Jan-22,Jan,1A,1,605,224,BNT015,Brown,754,402,M,M,RI,<30,,1.96,M,RI,SPC,18.21,0.40,0.05,,,,,
21-Jan-22,Jan,1A,1,24,226,BNT016,Brown,187,242,U,U,U,60,,,M,SP,,1.00,0.10,0.05,,,,,
22-Jan-22,Jan,1A,2,13,231,BNT017,Brown,134,228,U,U,U,30,,,F,CA,,3.60,0.60,0.45,,,,,
22-Jan-22,Jan,1A,2,13,232,BNT018,Brown,121,297,U,F, CA,60,,0.30,F,CA,,2.95,0.30,0.25,,,,,
22-Jan-22,Jan,1A,2,14,234,BNT019,Brown,292,281,U,M,ML,30,,0.74,F,CA,,7.83,1.90,0.65,,,,,
22-Jan-22,Jan,1A,2,14,235,BNT020,Brown,365,303,F,F,OM,<30,,1.18,F,OM,,,35.00,9.59,,,,,"can't measure gonad diameter, loose eggs. Scane at 3.5, 8.17 gonad diam. for scane"
22-Jan-22,Jan,1A,2,597,237,BNT021,Brown,184,253,U,F,CA,60,,,F,CA,,3.02,0.30,0.16,,,,,
22-Jan-22,Jan,1A,2,597,238,BNT022,Brown,208,260,U,F,CA,60,,0.33,F,CA,,4.26,0.90,0.43,,,,,
22-Jan-22,Jan,1A,2,17,239,BNT023,Brown,1230,458,U,M,ML,<30,,2.28,M,RI,SPC,26.18,24.10,1.96,,,,,
22-Jan-22,Jan,1A,2,18,241,BNT024,Brown,1252,469,M,M,ML,<30,,1.52,M,RI,SPC,15.53,21.40,1.71,,,,,
22-Jan-22,Jan,1A,2,598,244,BNT025,Brown,118,209,M,M,ML,<30 ,,0.78,M,RI,SPC,7.95,3.00,2.54,,,,,
22-Jan-22,Jan,1A,2,598,245,BNT026,Brown,42.6,155,U,U,U,60,,,U,U,IMM,1.00,0.10,0.23,,,,,
22-Jan-22,Jan,1A,2,598,246,BNT027,Brown,194,238,M,M,ML,<30,,0.86,M,RI,SPC,9.09,4.40,2.27,,,,,
22-Jan-22,Jan,1A,2,599,247,BNT028,Brown,175,245,U,F,CA,30,,0.33,F,CA,,3.43,0.60,0.34,,,,,
22-Jan-22,Jan,1A,2,599,248,BNT029,Brown,59,166,U,F,CA,60,,0.22,F,PG,,2.56,0.10,0.17,,,,,
22-Jan-22,Jan,1A,2,19,249,BNT030,Brown,376,304,U,F,SV,30,,1.30,F,SV,,15.34,25.70,6.84,,,,,?
22-Jan-22,Jan,1A,2,601,250,BNT031,Brown,837,389,M,M,ML,30,,2.16,M,RI,SPC,20.40,19.40,2.32,,,,,
22-Jan-22,Jan,1A,2,20,252,BNT032,Brown,792,388,M,M,ML,<30,,1.73,M,RI,SPC,17.45,16.30,2.06,,,,,
22-Jan-22,Jan,1A,2,21,253,BNT033,Brown,929,404,M,M,ML,<30,,1.62,M,RI,SPC,15.54,19.50,2.10,,,,,
22-Jan-22,Jan,1A,2,602,254,BNT034,Brown,577,355,F,F,OM,<30,,2.52,F,OM,,15.32,25.10,4.35,,,,,Gonad weight not useful- already lost some
22-Jan-22,Jan,1A,2,605,262,BNT035,Brown,570,340,M,M,ML,<30,,0.90,M,RI,SPC,11.08,7.10,1.25,,,,,
22-Jan-22,Jan,1A,2,24,264,BNT036,Brown,93,198,U,U,U,30,,,U,U,IMM,1.00,0.10,0.11,,,,,
23-Jan-22,Jan,1A,3,661,266,BNT037,Brown,1647,507,F,F,OM,<30,,,F,OM,,15.87,4.30,0.26,,,,,Scane weight only
23-Jan-22,Jan,1A,3,661,267,BNT038,Brown,880,407,M,M,ML,<30,,2.01,M,RI,SPC,21.47,26.10,2.97,,,,,
23-Jan-22,Jan,1A,3,661,268,BNT039,Brown,633,352,F,F,OM,<60,,,F,OM,,7.98,3.00,0.47,,,,,Just scane
23-Jan-22,Jan,1A,3,662,270,BNT040,Brown,262,384,U,F,RG,60,,0.95,F,RG,REG,11.90,3.40,1.30,,,,,only one lobe of gonad
23-Jan-22,Jan,1A,3,86,274,BNT041,Brown,79,180,U,U,U,30,,,F,PG,,2.42,0.10,0.13,,,,,
23-Jan-22,Jan,1A,3,663,277,BNT042,Brown,765,385,M,M,ML,<30,,1.70,M,RI,SPC,19.03,11.70,1.53,,,,,
23-Jan-22,Jan,1A,3,663,278,BNT043,Brown,808,400,M,M,ML,<30,,1.69,M,RI,SPC,17.33,18.10,2.24,,,,,
23-Jan-22,Jan,1A,3,663,279,BNT044,Brown,744,370,U,M,ML,<30,,1.35,M,RI,SPC,15.97,13.50,1.81,,,,,
23-Jan-22,Jan,1A,3,87,283,BNT045,Brown,40,146,U,U,U,30,,,U,U,IMM,1.00,0.10,0.25,,,,,
23-Jan-22,Jan,1A,3,664,284,BNT046,Brown,492,350,F,F,OM,30,,,F,OM,,5.58,2.80,0.57,,,,,Photo; PIT adhered to scane; ultrasound images show lipid droplets
23-Jan-22,Jan,1A,3,88,289,BNT047,Brown,244,282,F,F,OM,60,,,F,OM,,6.40,1.10,0.45,,,,,Scane only
23-Jan-22,Jan,1A,3,665,292,BNT048,Brown,275,285,U,F,CA,60,,,F,CA,,4.68,0.80,0.29,,,,,Missed ultr gonad diameter-measure on computer
23-Jan-22,Jan,1A,3,666,294,BNT049,Brown,403,315,M,M,ML,30,,1.15,M,RI,SPC,10.59,4.80,1.19,,,,,
23-Jan-22,Jan,1A,3,90,296,BNT050,Brown,704,399,U,F,OM,60,,,F,OM,,6.93,3.80,0.54,,,,,Scane weight only
23-Jan-22,Jan,1A,3,91,297,BNT051,Brown,290,282,U,U,U,90,,,M,ES,,2.99,0.20,0.07,,,,,
23-Jan-22,Jan,1A,3,91,298,BNT052,Brown,62,177,U,U,U,30,,,U,U,IMM,1.00,0.10,0.16,,,,,
23-Jan-22,Jan,1A,3,667,299,BNT053,Brown,324,289,U,U,U,60,,,F,CA,,4.20,1.00,0.31,,,,,
23-Jan-22,Jan,1A,3,667,300,BNT054,Brown,85,189,U,U,U,30,,,F,PG,,2.54,0.10,0.12,,,,,
23-Jan-22,Jan,1A,3,668,301,BNT055,Brown,309,301,U,M,ES,60,,,M,RG,REG,4.77,0.50,0.16,,,,,Post-spawn male
23-Jan-22,Jan,1A,3,668,302,BNT056,Brown,197,247,M,M,ML,30,,7.28,M,RI,SPC,6.14,1.90,0.96,,,,,
23-Jan-22,Jan,1A,3,93,307,BNT057,Brown,833,420,U,U,U,90,,,F,OM,,7.48,3.70,0.44,,,,,Scane gonad diam/weight
23-Jan-22,Jan,1A,3,94,309,BNT058,Brown,273,289,U,M,ML,60,,0.44,M,RG,REG,3.57,0.40,0.15,,,,,
23-Jan-22,Jan,1A,3,670,310,BNT059,Brown,475,345,F,F,OM,60,,,F,OM,,7.47,1.60,0.34,,,,,Scane weight only/diam too. Few not ovulated eggs. Side of gonad undeveloped both in ovul
23-Jan-22,Jan,1A,3,97,313,BNT060,Brown,1344,509,U,F,OM,<30,,,F,OM,,9.89,6.40,0.48,,,,,
23-Jan-22,Jan,1A,3,97,314,BNT061,Brown,141,234,U,U,U,60,,,F,CA,,4.58,0.60,0.43,,,,,
23-Jan-22,Jan,1A,3,673,315,BNT062,Brown,497,337,U,F,OM,<30,,,F,OM,,5.70,2.60,0.52,,,,,
24-Jan-22,Jan,1C,4,661,316,BNT063,Brown,790,400,M,M,ML,<30,,1.49,M,RI,SPC,16.12,14.80,1.87,,,,,Photo at 19:12
24-Jan-22,Jan,1C,4,85,319,BNT064,Brown,1187,499,F,F,OM,<30,,,F,RG,REG,5.98,3.30,0.28,,,,,Scane only for weights; lots of remnant follicular layers
24-Jan-22,Jan,1C,4,662,322,BNT065,Brown,374,300,M,M,ML,<30,,1.33,M,RI,SPC,13.66,5.30,1.42,,,,,
24-Jan-22,Jan,1C,4,662,323,BNT066,Brown,582,355,M,M,ML,<30,,1.35,M,RI,SPC,13.37,6.00,1.03,,,,,
24-Jan-22,Jan,1C,4,90,328,BNT067,Brown,757,420,U,M,ML,60,,1.15,M,RI,SPC,9.37,3.90,0.52,,,,,
24-Jan-22,Jan,1C,4,664,330,BNT068,Brown,931,416,F,F,OM,<30,,,F,OM,,12.66,7.30,0.78,,,,,Scane weight
24-Jan-22,Jan,1C,4,87,331,BNT069,Brown,45,159,U,U,U,30,,,F,PG,,2.08,0.10,0.22,,,,,Photo at 8:44pm
24-Jan-22,Jan,1C,4,87,332,BNT070,Brown,60,170,U,U,U,30,,,F,PG,,1.82,0.10,0.17,,,,,
24-Jan-22,Jan,1C,4,665,335,BNT071,Brown,76,181,U,U,U,30,,,M,SP,,1.00,0.10,0.13,,,,,
24-Jan-22,Jan,1C,4,666,341,BNT071,Brown,88,199,U,U,U,<30,,,F,CA,,2.00,0.10,0.11,,,,,
24-Jan-22,Jan,1C,4,665,337,BNT072,Brown,235,266,U,M,ML,60,,0.35,M,ES,,2.30,0.30,0.13,,,,,
24-Jan-22,Jan,1C,4,690,345,BNT074,Brown,666,344,U,F,OM,<30,,,M,RG,REG,2.79,0.80,0.12,,,,,Post spawn female but u/g is fat (actually male)
24-Jan-22,Jan,1C,4,91,346,BNT075,Brown,679,346,U,F,OM,60,,,F,RG,REG,9.42,0.80,0.12,,,,,Scane only
24-Jan-22,Jan,1C,4,668,347,BNT076,Brown,1174,429,U,F,?,60,,,M,RG,REG,2.62,0.80,0.07,,,,,Post spawn male?
24-Jan-22,Jan,1C,4,669,348,BNT077,Brown,783,398,U,M,ML,90,,1.18,F,RG,REG,12.31,5.10,0.65,,,,,Lots of fat (photo)
24-Jan-22,Jan,1C,4,669,350,BNT078,Brown,600,335,U,M,ML,60,,0.86,M,RI,SPC,7.84,5.40,0.90,,,,,
24-Jan-22,Jan,1C,4,92,351,BNT079,Brown,790,397,M,M,ML,30,,1.12,M,RI,SPC,12.17,6.30,0.80,,,,,
24-Jan-22,Jan,1C,4,93,355,BNT080,Brown,263,291,U,M,ML,60,,0.44,F,CA,,4.32,1.00,0.38,,,,,Gonad in u/s correct location.
24-Jan-22,Jan,1C,4,94,356,BNT081,Brown,226,274,U,F,CA,30,,0.43,F,CA,,5.62,0.80,0.35,,,,,
24-Jan-22,Jan,1C,4,95,358,BNT082,Brown,784,379,U,M,ML,60,,2.29,M,RG,REG,4.18,1.40,0.18,,,,,
21-Jan-22,Jan,1A,1,595,193,BRN001,Brown,137,225,U,U,U,60,,,M,ES,,3.89,0.20,0.15,,,,,
21-Jan-22,Jan,1A,1,13,189,RBT001,Rainbow,384,331,U,M,ML,60,,0.11,M,ES,,1.83,0.10,0.03,,,,,
21-Jan-22,Jan,1A,1,594,190,RBT002,Rainbow,488,345,U,U,U,90,,,F,CA,,1.82,0.20,0.04,,,,,Gonad might be male/???
21-Jan-22,Jan,1A,1,594,191,RBT003,Rainbow,659,392,M,M,ML,90,,0.94,M,RI,SPC,10.28,9.40,1.43,,,,,Spent male/Ripe
21-Jan-22,Jan,1A,1,15,192,RBT004,Rainbow,342,320,M,M,RI,60,,0.85,M,RI,SPC,9.05,13.33,3.90,,,,,
21-Jan-22,Jan,1A,1,16,194,RBT005,Rainbow,736,384,U,U,U,90,,,U,U,IMM,2.02,0.30,0.04,,,,,
21-Jan-22,Jan,1A,1,17,197,RBT006,Rainbow,857,406,M,M,RI,60,,1.66,M,RI,SPC,19.20,42.50,4.96,,,,,
21-Jan-22,Jan,1A,1,602,214,RBT007,Rainbow,381,325,M,M,RI,<30,,1.40,M,RI,SPC,15.32,16.90,4.44,,,,,
21-Jan-22,Jan,1A,1,18,199,RBT007,Rainbow,300,292,U,U,U,60,,,F,CA,,2.90,0.40,0.13,,,,,
21-Jan-22,Jan,1A,1,598,200,RBT008,Rainbow,77,183,U,U,U,60,,,U,U,IMM,2.21,0.10,0.13,,,,,
21-Jan-22,Jan,1A,1,19,204,RBT009,Rainbow,871,414,M,M,RI,30,,1.78,M,RI,SPC,17.30,31.50,3.62,,,,,Macro photo
21-Jan-22,Jan,1A,1,599,205,RBT010,Rainbow,378,335,U,F,TV,30,,1.63,F,TV,SPC,15.05,32.50,8.60,,,,,Macro photo
21-Jan-22,Jan,1A,1,599,206,RBT011,Rainbow,137,226,U,U,U,30,,,U,U,IMM,1.54,0.10,0.07,,,,,
21-Jan-22,Jan,1A,1,20,207,RBT012,Rainbow,83.5,196,U,U,U,60,,,U,U,IMM,1.00,0.10,0.12,,,,,
21-Jan-22,Jan,1A,1,20,208,RBT013,Rainbow,80,196,U,U,U,60,,,U,U,IMM,1.00,0.10,0.13,,,,,
21-Jan-22,Jan,1A,1,600,209,RBT014,Rainbow,507,367,U,U,U,90,,,F,CA,,3.24,0.80,0.16,,,,,
21-Jan-22,Jan,1A,1,21,212,RBT015,Rainbow,183,245,U,F,PV,60,,0.08,U,U,IMM,1.00,0.10,0.05,,,,,
21-Jan-22,Jan,1A,1,601,213,RBT016,Rainbow,372,332,U,F,TV,<30,,1.44,F,TV,SPC,16.25,31.10,8.36,,,,,
21-Jan-22,Jan,1A,1,22,216,RBT018,Rainbow,69,173,U,U,U,30,,,U,U,IMM,1.00,0.10,0.14,,,,,
21-Jan-22,Jan,1A,1,603,217,RBT019,Rainbow,303,308,U,U,U,90,,,F,CA,,3.08,0.50,0.17,,,,,
21-Jan-22,Jan,1A,1,603,218,RBT020,Rainbow,622,372,U,F,TV,<30,,1.68,F,TV,SPC,19.75,68.10,10.95,,,,,
21-Jan-22,Jan,1A,1,23,221,RBT021,Rainbow,473,361,U,U,U,60,,,F,CA,,7.46,2.40,0.51,,,,,Pevious spawn/this year
21-Jan-22,Jan,1A,1,605,223,RBT022,Rainbow,485,334,U,U,U,60,,,M,ES,,2.53,0.40,0.08,,,,,
21-Jan-22,Jan,1A,1,24,225,RBT023,Rainbow,420,331,M,M,ML,30,,1.28,M,RI,SPC,13.16,12.40,2.95,,,,,
21-Jan-22,Jan,1A,1,24,227,RBT024,Rainbow,230,283,U,U,U,30,,,F,CA,,4.27,0.50,0.22,,,,,Very pale liver and gonad
21-Jan-22,Jan,1A,1,25,228,RBT025,Rainbow,424,338,U,F,SV,30,,0.86,F,SV,,9.32,11.30,2.67,,,,,
22-Jan-22,Jan,1A,2,593,229,RBT026,Rainbow,645,374,U,M,ML,<30,,1.44,M,RI,SPC,14.31,27.40,4.25,,,,,
22-Jan-22,Jan,1A,2,13,230,RBT027,Rainbow,580,364,U,M,ML,<30,,1.35,M,RI,SPC,17.47,26.60,4.59,,,,,
22-Jan-22,Jan,1A,2,14,233,RBT028,Rainbow,1006,432,M,M,ML,30,,2.53,M,RI,SPC,24.05,33.90,3.37,,,,,
22-Jan-22,Jan,1A,2,15,236,RBT029,Rainbow,186,230,U,F,CA,60,,0.32,U,U,IMM,1.00,0.10,0.05,,,,,
22-Jan-22,Jan,1A,2,17,240,RBT030,Rainbow,867,415,U,F,TV,<30,,2.16,F,TV,SPC,30.51,142.60,16.45,,,,,
22-Jan-22,Jan,1A,2,18,242,RBT031,Rainbow,795,404,U,M,ML,<30,,2.10,M,RI,SPC,19.21,35.00,4.40,,,,,
22-Jan-22,Jan,1A,2,18,243,RBT032,Rainbow,423,301,U,F,TV,<30,,1.91,F,TV,SPC,26.07,71.00,16.78,,,,,Black fleets? In gonad. Eggs have white spot.
22-Jan-22,Jan,1A,2,600,251,RBT033,Rainbow,799,402,U,F,TV,<30,,1.83,F,TV,SPC,20.77,74.50,9.32,,,,,
22-Jan-22,Jan,1A,2,603,255,RBT034,Rainbow,385,322,U,U,U,60,,,U,U,IMM,1.00,0.10,0.03,,,,,
22-Jan-22,Jan,1A,2,603,256,RBT035,Rainbow,526,368,U,F,TV,<30,,1.69,F,TV,SPC,19.00,64.10,12.19,,,,,Some atresia
22-Jan-22,Jan,1A,2,22,257,RBT036,Rainbow,85,198,U,U,U,60,,,U,U,IMM,1.00,0.10,0.12,,,,,
22-Jan-22,Jan,1A,2,604,258,RBT037,Rainbow,809,443,U,F,OM,<30,,,F,OM,,15. 28,9.20,1.14,,,,,??
22-Jan-22,Jan,1A,2,23,259,RBT038,Rainbow,153,230,U,U,U,60,,,U,U,IMM,1.00,0.10,0.07,,,,,
22-Jan-22,Jan,1A,2,23,260,RBT039,Rainbow,204,258,U,U,U,60,,,U,U,IMM,1.00,0.20,0.10,,,,,
22-Jan-22,Jan,1A,2,23,261,RBT040,Rainbow,228,281,U,U,U,60,,,F,PG,,2.57,0.30,0.13,,,,,
22-Jan-22,Jan,1A,2,24,263,RBT041,Rainbow,284,291,U,U,U,60,,,F,RG,REG,2.75,0.30,0.11,,,,,Possibly a Regular femal that spawned
22-Jan-22,Jan,1A,2,606,265,RBT042,Rainbow,557,381,U,F,SV,30,,1.31,F,,,23.48,38.70,6.95,,,,,
23-Jan-22,Jan,1A,3,84,269,RBT043,Rainbow,375,327,U,F,TV,<30,,2.40,F,TV,SPC,21.50,37.80,10.08,,,,,
23-Jan-22,Jan,1A,3,662,271,RBT044,Rainbow,331,328,U,F,OM,60,,0.32,F,OM,,5.68,2.00,0.60,,,,,Post ovulaory of CA gonad
23-Jan-22,Jan,1A,3,85,272,RBT045,Rainbow,1048,444,U,F,TV,30,,2.59,F,TV,SPC,33.97,163.70,15.62,,,,,
23-Jan-22,Jan,1A,3,85,273,RBT046,Rainbow,207,257,U,U,U,60,,,U,U,IMM,1.00,0.10,0.05,,,,,
23-Jan-22,Jan,1A,3,86,275,RBT047,Rainbow,132,211,U,U,U,60,,,U,U,IMM,1.00,0.10,0.08,,,,,
23-Jan-22,Jan,1A,3,663,276,RBT048,Rainbow,97,196,U,U,U,30,,,U,U,IMM,1.00,0.10,0.10,,,,,
23-Jan-22,Jan,1A,3,663,280,RBT049,Rainbow,43.1,156,U,U,U,30,,,U,U,IMM,1.00,0.10,0.23,,,,,
23-Jan-22,Jan,1A,3,87,281,RBT050,Rainbow,240,295,U,M,ML,60,,0.79,M,SP,,1.00,0.10,0.04,,,,,
23-Jan-22,Jan,1A,3,87,282,RBT051,Rainbow,266,288,M,U,U,60,,,M,RI,SPC,12.75,7.20,2.71,,,,,
23-Jan-22,Jan,1A,3,664,285,RBT052,Rainbow,346,315,U,F,OM,60,,0.92,F,PV,,10.74,6.80,1.97,,,,,Possible atresia
23-Jan-22,Jan,1A,3,664,286,RBT053,Rainbow,261,285,U,F,CA,60,,0.31,U,U,IMM,1.00,0.10,0.04,,,,,
23-Jan-22,Jan,1A,3,664,287,RBT054,Rainbow,57.8,158,U,U,U,30,,,U,U,IMM,1.00,0.10,0.17,,,,,Swimbladder with gonad
23-Jan-22,Jan,1A,3,88,288,RBT055,Rainbow,677,372,U,F,OM,<30,,,F,OM,,32.15,100.00,14.77,,,,,
23-Jan-22,Jan,1A,3,89,290,RBT056,Rainbow,368,329,U,M,ML,60,,,M,RI,SPC,14.97,12.40,3.37,,,,,
23-Jan-22,Jan,1A,3,665,291,RBT057,Rainbow,558,378,U,F,OM,60,,,F,OM,,4.18,1.50,0.27,,,,,Scane weights
23-Jan-22,Jan,1A,3,655,293,RBT058,Rainbow,81,184,U,U,U,30,,,F,CA,,1.92,0.10,0.12,,,,,
23-Jan-22,Jan,1A,3,90,295,RBT059,Rainbow,482,369,U,U,U,90,,,F,OM,,2.90,0.60,0.12,,,,,Scane only for weights
23-Jan-22,Jan,1A,3,92,303,RBT060,Rainbow,529,362,U,F,TV,30,,1.80,F,TV,SPC,17.80,34.80,6.58,,,,,Photo at 12pm
23-Jan-22,Jan,1A,3,92,304,RBT061,Rainbow,330,294,U,U,U,30,,,M,SP,,1.00,0.10,0.03,,,,,
23-Jan-22,Jan,1A,3,669,305,RBT062,Rainbow,569,385,U,M,ML,30,,1.21,M,RI,SPC,12.48,12.50,2.20,,,,,
23-Jan-22,Jan,1A,3,90,306,RBT063,Rainbow,100,227,U,U,U,30,,,F,OP,,3.06,0.20,0.20,,,,,Very pale gonad.
23-Jan-22,Jan,1A,3,94,308,RBT064,Rainbow,630,377,M,M,ML,<30,,1.24,M,RI,SPC,15.09,22.80,3.62,,,,,
23-Jan-22,Jan,1A,3,670,311,RBT065,Rainbow,211,265,U,F,SV,30,,1.43,F,SV,,13.18,13.90,6.59,,,,,
23-Jan-22,Jan,1A,3,95,312,RBT066,Rainbow,429,334,U,F,TV,30,,1.75,F,TV,SPC,19.59,50.80,11.84,,,,,
24-Jan-22,Jan,1C,4,84,317,RBT067,Rainbow,630,356,U,F,TV,<30,,2.45,F,TV,SPC,26.50,126.60,20.10,,,,,
24-Jan-22,Jan,1C,4,85,318,RBT068,Rainbow,349,320,U,F,TV,<30,,1.31,F,TV,SPC,13.86,32.40,9.28,,,,,
24-Jan-22,Jan,1C,4,85,320,RBT069,Rainbow,65,173,U,M,ML,<30,,,M,ES,,1.00,0.10,0.15,,,,,
24-Jan-22,Jan,1C,4,662,321,RBT070,Rainbow,168,235,U,U,U,60,,,U,U,IMM,1.00,0.10,0.06,,,,,Photo at 19:45
24-Jan-22,Jan,1C,4,663,324,RBT071,Rainbow,411,346,M,M,ML,<30,,0.93,M,RI,SPC,11.27,13.10,3.19,,,,,Photo at 8:03pm
24-Jan-22,Jan,1C,4,663,325,RBT072,Rainbow,629,384,M,M,ML,<30,,1.79,M,RI,SPC,19.18,28.20,4.48,,,,,
24-Jan-22,Jan,1C,4,663,326,RBT073,Rainbow,262,286,M,M,ML,60,,0.70,M,RI,SPC,6.80,3.60,1.37,,,,,
24-Jan-22,Jan,1C,4,663,327,RBT074,Rainbow,248,290,U,U,U,60,,,F,RG,REG,6.28,1.90,0.77,,,,,Post ovul/scane weights
24-Jan-22,Jan,1C,4,664,329,RBT075,Rainbow,931,416,U,F,TV,30,,2.01,F,TV,SPC,24.32,118.40,12.72,,,,,Photo at 8:27pm
24-Jan-22,Jan,1C,4,87,333,RBT076,Rainbow,83,193,U,U,U,30,,,F,PG,,2.44,0.10,0.12,,,,,Photo at 8:51pm
24-Jan-22,Jan,1C,4,665,334,RBT077,Rainbow,177,242,U,U,U,30,,,M,SP,,1.00,0.10,0.06,,,,,
24-Jan-22,Jan,1C,4,665,336,RBT078,Rainbow,117,197,U,U,U,30,,,F,PG,,1.97,0.10,0.09,,,,,
24-Jan-22,Jan,1C,4,88,338,RBT079,Rainbow,559,367,F,F,OM,<30,,,F,OM,,8.99,6.40,1.14,,,,,Scane weight only
24-Jan-22,Jan,1C,4,88,339,RBT080,Rainbow,231,296,U,M,ML,<30,,0.78,F,PG,,2.74,0.80,0.35,,,,,Photo at 9:28pm
24-Jan-22,Jan,1C,4,666,340,RBT081,Rainbow,314,311,M,M,ML,<30,,1.17,M,RI,SPC,11.68,8.60,2.74,,,,,
24-Jan-22,Jan,1C,4,666,342,RBT082,Rainbow,564,411,U,F,OM,60,,,M,U,IMM,2.74,0.60,0.11,,,,,Post spawn male? Photo 10:04
24-Jan-22,Jan,1C,4,666,343,RBT083,Rainbow,50,161,U,U,U,<30,,,U,U,IMM,1.00,0.10,0.20,,,,,
24-Jan-22,Jan,1C,4,667,344,RBT084,Rainbow,103,204,U,U,U,<30,,,U,U,IMM,1.00,0.10,0.10,,,,,
24-Jan-22,Jan,1C,4,669,349,RBT085,Rainbow,355,335,U,U,U,90,,,F,CA,,4.09,1.00,0.28,,,,,Photo at 11:16
24-Jan-22,Jan,1C,4,92,352,RBT086,Rainbow,376,325,M,M,ML,30,,1.09,M,RI,SPC,11.53,15.90,4.23,,,,,
24-Jan-22,Jan,1C,4,670,353,RBT087,Rainbow,207,274,U,U,U,30,,,M,SP,,2.45,0.10,0.05,,,,,
24-Jan-22,Jan,1C,4,93,354,RBT088,Rainbow,627,362,M,M,ML,<30,,1.45,M,RI,SPC,14.86,24.80,3.96,,,,,
24-Jan-22,Jan,1C,4,94,357,RBT089,Rainbow,124,225,U,U,U,30,,,U,U,IMM,1.00,0.10,0.08,,,,,
12-Apr-22,Apr,1A,1,13,455,BNT001,Brown,68.2,174,U,,,,,,M,,,,0.10,0.15,,,,,
12-Apr-22,Apr,1A,1,14,456,BNT002,Brown,1336,483,U,,,,,,M,,,,1.40,0.10,,,,,
12-Apr-22,Apr,1A,1,595,469,BNT003,Brown,1284,448,U,,,,,,F,,,,44.80,3.49,,,,,
12-Apr-22,Apr,1A,1,17,459,BNT004,Brown,876,439,U,,,,,,F,,,,35.40,4.04,,,,,
12-Apr-22,Apr,1A,1,17,458,BNT005,Brown,242,272,U,,,,,,M,,,,0.30,0.12,,,,,
12-Apr-22,Apr,1A,1,17,457,BNT006,Brown,118,210,U,,,,,,M,,,,0.30,0.25,,,,,
12-Apr-22,Apr,1A,1,18,460,BNT007,Brown,90,199,U,,,,,,M,,,,0.20,0.22,,,,,
12-Apr-22,Apr,1A,1,19,461,BNT008,Brown,78,197,U,,,,,,U,,,,0.10,0.13,,,,,
12-Apr-22,Apr,1A,1,19,468,BNT009,Brown,60,181,U,,,,,,U,,,,0.10,0.17,,,,,
12-Apr-22,Apr,1A,1,598,472,BNT010,Brown,50,164,U,,,,,,U,,,,0.10,0.20,,,,,
12-Apr-22,Apr,1A,1,20,462,BNT011,Brown,48,160,U,,,,,,U,,,,0.10,0.21,,,,,
12-Apr-22,Apr,1A,1,20,467,BNT012,Brown,628,382,U,,,,,,M,,,,0.90,0.14,,,,,
12-Apr-22,Apr,1A,1,599,473,BNT013,Brown,59,170,U,,,,,,U,,,,0.10,0.17,,,,,
12-Apr-22,Apr,1A,1,22,464,BNT014,Brown,1120,478,U,,,,,,F,,,,10.60,0.95,,,,,
12-Apr-22,Apr,1A,1,22,463,BNT015,Brown,84,190,U,,,,,,M,,,,0.20,0.24,,,,,
12-Apr-22,Apr,1A,1,22,470,BNT016,Brown,74,188,U,,,,,,F,,,,0.20,0.27,,,,,
12-Apr-22,Apr,1A,1,22,471,BNT017,Brown,64,175,U,,,,,,U,,,,0.10,0.16,,,,,
12-Apr-22,Apr,1A,1,23,465,BNT018,Brown,50,162,U,,,,,,M,,,,0.30,0.60,,,,,
12-Apr-22,Apr,1A,1,23,474,BNT019,Brown,157,248,U,,,,,,F,,,,0.80,0.51,,,,,
12-Apr-22,Apr,1A,1,23,475,BNT020,Brown,62,170,U,,,,,,U,,,,0.10,0.16,,,,,
12-Apr-22,Apr,1A,1,23,476,BNT021,Brown,58,170,U,,,,,,M,,,,0.20,0.34,,,,,
12-Apr-22,Apr,1A,1,603,477,BNT022,Brown,79,186,U,,,,,,U,,,,0.10,0.13,,,,,
12-Apr-22,Apr,1A,1,24,466,BNT023,Brown,242,261,U,,,,,,M,,,,0.40,0.17,,,,,
12-Apr-22,Apr,1A,1,604,478,BNT024,Brown,784,438,U,,,,,,F,,,,6.80,0.87,,,,,
13-Apr-22,Apr,1A,2,13,479,BNT025,Brown,49,154,U,,,,,,U,,,,0.10,0.20,,,,,
13-Apr-22,Apr,1A,2,14,480,BNT026,Brown,57,169,U,,,,,,U,,,,0.10,0.18,,,,,
13-Apr-22,Apr,1A,2,20,486,BNT027,Brown,48,164,U,,,,,,M,,,,0.10,0.21,,,,,G01289
13-Apr-22,Apr,1A,2,597,495,BNT028,Brown,48,154,U,,,,,,F,,,,0.10,0.21,,,,,G01290
13-Apr-22,Apr,1A,2,597,494,BNT029,Brown,51,165,U,,,,,,U,,,,0.10,0.20,,,,,
13-Apr-22,Apr,1A,2,598,496,BNT030,Brown,55,168,U,,,,,,M,,,,0.10,0.18,,,,,G01291
13-Apr-22,Apr,1A,2,21,487,BNT031,Brown,58,161,U,,,,,,M,,,,0.20,0.34,,,,,
13-Apr-22,Apr,1A,2,21,485,BNT032,Brown,76,189,U,,,,,,U,,,,0.10,0.13,,,,,
13-Apr-22,Apr,1A,2,599,497,BNT033,Brown,1228,456,U,,,,,,M,,,,7.60,0.62,,,,,G01415
13-Apr-22,Apr,1A,2,22,488,BNT034,Brown,236,263,U,,,,,,U,,,,0.20,0.08,,,,,
13-Apr-22,Apr,1A,2,23,489,BNT035,Brown,43,152,U,,,,,,U,,,,0.10,0.23,,,,,
13-Apr-22,Apr,1A,2,23,491,BNT036,Brown,70,170,U,,,,,,F,,,,0.20,0.29,,,,,
13-Apr-22,Apr,1A,2,23,492,BNT037,Brown,46,160,U,,,,,,U,,,,0.10,0.22,,,,,
13-Apr-22,Apr,1A,2,23,493,BNT038,Brown,55,165,U,,,,,,U,,,,0.10,0.18,,,,,
13-Apr-22,Apr,1A,2,601,499,BNT039,Brown,52,162,U,,,,,,F,,,,0.00,0.00,,,,,
13-Apr-22,Apr,1A,2,24,490,BNT040,Brown,81,189,U,,,,,,M,,,,0.10,0.12,,,,,
13-Apr-22,Apr,1A,2,24,481,BNT041,Brown,225,271,U,,,,,,U,,,,0.10,0.04,,,,,
13-Apr-22,Apr,1A,2,24,482,BNT042,Brown,50,161,U,,,,,,F,,,,0.10,0.20,,,,,
13-Apr-22,Apr,1A,2,24,483,BNT043,Brown,80,188,U,,,,,,F,,,,0.20,0.25,,,,,
13-Apr-22,Apr,1A,2,24,484,BNT044,Brown,49,156,U,,,,,,U,,,,0.10,0.20,,,,,
13-Apr-22,Apr,1A,2,24,498,BNT045,Brown,145,229,U,,,,,,F,,,,0.70,0.48,,,,,
13-Apr-22,Apr,1A,2,604,500,BNT046,Brown,62,170,U,,,,,,U,,,,0.00,0.00,,,,,
14-Apr-22,Apr,1C,3,661,313,BNT047,Brown,51,161,U,,,,,,M,,,,0.10,0.20,,,,,
14-Apr-22,Apr,1C,3,661,325,BNT048,Brown,619,377,U,,,,,,F,,,,7.60,1.23,,,,,
14-Apr-22,Apr,1C,3,85,502,BNT049,Brown,59,177,U,,,,,,M,,,,0.10,0.17,,,,,
14-Apr-22,Apr,1C,3,662,314,BNT050,Brown,47,152,U,,,,,,M,,,,0.10,0.21,,,,,
14-Apr-22,Apr,1C,3,87,504,BNT051,Brown,290,285,U,,,,,,F,,,,1.40,0.48,,,,,
14-Apr-22,Apr,1C,3,664,316,BNT052,Brown,37,154,U,,,,,,U,,,,0.00,0.00,,,,,
14-Apr-22,Apr,1C,3,88,505,BNT053,Brown,45,167,U,,,,,,U,,,,0.10,0.22,,,,,
14-Apr-22,Apr,1C,3,665,317,BNT054,Brown,640,395,U,,,,,,F,,,,16.30,2.55,,,,,G01294
14-Apr-22,Apr,1C,3,89,506,BNT055,Brown,38,150,U,,,,,,M,,,,0.10,0.26,,,,,
14-Apr-22,Apr,1C,3,666,318,BNT056,Brown,455,331,U,,,,,,M,,,,1.10,0.24,,,,,
14-Apr-22,Apr,1C,3,90,507,BNT057,Brown,47,161,U,,,,,,F,,,,0.20,0.43,,,,,
14-Apr-22,Apr,1C,3,667,319,BNT058,Brown,576,343,U,,,,,,M,,,,0.50,0.09,,,,,
14-Apr-22,Apr,1C,3,91,508,BNT059,Brown,70,184,U,,,,,,F,,,,0.10,0.14,,,,,
14-Apr-22,Apr,1C,3,668,320,BNT060,Brown,355,297,U,,,,,,F,,,,1.50,0.42,,,,,
14-Apr-22,Apr,1C,3,669,321,BNT061,Brown,60,181,U,,,,,,F,,,,0.10,0.17,,,,,G01296
14-Apr-22,Apr,1C,3,93,310,BNT062,Brown,55,163,U,,,,,,M,,,,0.20,0.36,,,,,
14-Apr-22,Apr,1C,3,93,309,BNT063,Brown,695,418,U,,,,,,F,,,,9.20,1.32,,,,,G01297
14-Apr-22,Apr,1C,3,94,311,BNT064,Brown,82,197,U,,,,,,F,,,,0.20,0.24,,,,,
14-Apr-22,Apr,1C,3,94,503,BNT065,Brown,50,168,U,,,,,,M,,,,0.10,0.20,,,,,
14-Apr-22,Apr,1C,3,94,501,BNT066,Brown,84,192,U,,,,,,M,,,,0.10,0.12,,,,,
14-Apr-22,Apr,1C,3,672,324,BNT067,Brown,865,447,U,,,,,,M,,,,1.00,0.12,,,,,
14-Apr-22,Apr,1C,3,672,323,BNT068,Brown,60,170,U,,,,,,M,,,,0.20,0.33,,,,,
14-Apr-22,Apr,1C,3,95,312,BNT069,Brown,53,165,U,,,,,,M,,,,0.20,0.38,,,,,
14-Apr-22,Apr,1C,3,97,322,BNT070,Brown,561,348,U,,,,,,M,,,,0.80,0.14,,,,,
14-Apr-22,Apr,1C,3,97,315,BNT071,Brown,1061,457,U,,,,,,F,,,,3.20,0.30,,,,,
14-Apr-22,Apr,1C,3,97,326,BNT072,Brown,558,337,U,,,,,,M,,,,1.40,0.25,,,,,
15-Apr-22,Apr,1C,4,84,327,BNT073,Brown,993,455,U,,,,,,F,,,,9.70,0.98,,,,,G01414
15-Apr-22,Apr,1C,4,84,339,BNT074,Brown,1067,474,U,,,,,,F,,,,4.50,0.42,,,,,
15-Apr-22,Apr,1C,4,85,328,BNT075,Brown,759,429,U,,,,,,F,,,,3.10,0.41,,,,,G01418
15-Apr-22,Apr,1C,4,662,340,BNT076,Brown,65,174,U,,,,,,U,,,,0.10,0.15,,,,,G01420
15-Apr-22,Apr,1C,4,663,341,BNT077,Brown,56,174,U,,,,,,F,,,,0.20,0.36,,,,,
15-Apr-22,Apr,1C,4,86,329,BNT078,Brown,635,375,U,,,,,,M,,,,0.70,0.11,,,,,
15-Apr-22,Apr,1C,4,87,330,BNT079,Brown,109,204,U,,,,,,F,,,,0.20,0.18,,,,,G01422
15-Apr-22,Apr,1C,4,88,331,BNT080,Brown,382,308,U,,,,,,F,,,,1.40,0.37,,,,,
15-Apr-22,Apr,1C,4,88,342,BNT081,Brown,53,160,U,,,,,,F,,,,0.10,0.19,,,,,
15-Apr-22,Apr,1C,4,89,332,BNT082,Brown,312,295,U,,,,,,M,,,,0.50,0.16,,,,,
15-Apr-22,Apr,1C,4,665,343,BNT083,Brown,66,185,U,,,,,,M,,,,0.20,0.30,,,,,
15-Apr-22,Apr,1C,4,90,333,BNT084,Brown,46,162,U,,,,,,M,,,,0.20,0.43,,,,,
15-Apr-22,Apr,1C,4,667,344,BNT085,Brown,108,210,U,,,,,,M,,,,0.10,0.09,,,,,
15-Apr-22,Apr,1C,4,91,334,BNT086,Brown,300,290,U,,,,,,F,,,,0.70,0.23,,,,,
15-Apr-22,Apr,1C,4,91,335,BNT087,Brown,63,183,U,,,,,,F,,,,0.40,0.63,,,,,
15-Apr-22,Apr,1C,4,669,345,BNT088,Brown,896,410,U,,,,,,F,,,,5.70,0.64,,,,,
15-Apr-22,Apr,1C,4,669,346,BNT089,Brown,117,296,U,,,,,,F,,,,0.20,0.17,,,,,
15-Apr-22,Apr,1C,4,93,336,BNT090,Brown,65,176,U,,,,,,F,,,,0.40,0.62,,,,,
15-Apr-22,Apr,1C,4,94,337,BNT091,Brown,54,162,U,,,,,,U,,,,0.20,0.37,,,,,
15-Apr-22,Apr,1C,4,94,347,BNT092,Brown,62,166,U,,,,,,U,,,,0.10,0.16,,,,,
15-Apr-22,Apr,1C,4,94,338,BNT094,Brown,60,174,U,,,,,,U,,,,0.10,0.17,,,,,
15-Apr-22,Apr,1C,4,671,348,BNT095,Brown,65,181,U,,,,,,F,,,,0.10,0.15,,,,,
15-Apr-22,Apr,1C,4,672,349,BNT096,Brown,46,161,U,,,,,,F,,,,0.10,0.22,,,,,
12-Apr-22,Apr,1A,1,14,360,RBT001,Rainbow,969,471,M,,,,,,M,,,,0.90,0.09,,,,,
12-Apr-22,Apr,1A,1,594,361,RBT002,Rainbow,390,332,U,,,,,,M,,,,0.90,0.23,,,,,
12-Apr-22,Apr,1A,1,595,373,RBT003,Rainbow,387,310,U,,,,,,F,,,,0.80,0.21,,,,,
12-Apr-22,Apr,1A,1,595,362,RBT004,Rainbow,305,310,U,,,,,,F,,,,2.60,0.85,,,,,
12-Apr-22,Apr,1A,1,596,374,RBT005,Rainbow,435,325,U,,,,,,U,,,,0.10,0.02,,,,,
12-Apr-22,Apr,1A,1,596,359,RBT006,Rainbow,54,163,U,,,,,,U,,,,0.10,0.19,,,,,
12-Apr-22,Apr,1A,1,17,363,RBT007,Rainbow,727,380,U,,,,,,M,,,,0.50,0.07,,,,,
12-Apr-22,Apr,1A,1,17,371,RBT008,Rainbow,214,259,U,,,,,,F,,,,0.60,0.28,,,,,
12-Apr-22,Apr,1A,1,597,375,RBT009,Rainbow,236,249,U,,,,,,M,,,,0.30,0.13,,,,,
12-Apr-22,Apr,1A,1,18,364,RBT010,Rainbow,403,329,U,,,,,,F,,,,1.20,0.30,,,,,
12-Apr-22,Apr,1A,1,18,372,RBT011,Rainbow,100,203,U,,,,,,F,,,,0.20,0.20,,,,,
12-Apr-22,Apr,1A,1,19,365,RBT012,Rainbow,475,341,U,,,,,,F,,,,1.30,0.27,,,,,
12-Apr-22,Apr,1A,1,598,376,RBT013,Rainbow,69,180,U,,,,,,U,,,,0.10,0.14,,,,,
12-Apr-22,Apr,1A,1,20,366,RBT014,Rainbow,462,328,F,,,,,,F,,,,35.50,7.68,,,,,
12-Apr-22,Apr,1A,1,21,367,RBT015,Rainbow,332,317,U,,,,,,F,,,,19.10,5.75,,,,,
12-Apr-22,Apr,1A,1,600,378,RBT016,Rainbow,309,312,U,,,,,,F,,,,7.20,2.33,,,,,
12-Apr-22,Apr,1A,1,22,368,RBT017,Rainbow,301,291,U,,,,,,F,,,,0.70,0.23,,,,,
12-Apr-22,Apr,1A,1,600,377,RBT018,Rainbow,507,329,U,,,,,,F,,,,1.70,0.34,,,,,
12-Apr-22,Apr,1A,1,602,380,RBT019,Rainbow,394,324,U,,,,,,F,,,,56.30,14.29,,,,,
12-Apr-22,Apr,1A,1,602,379,RBT020,Rainbow,546,356,U,,,,,,F,,,,2.90,0.53,,,,,
12-Apr-22,Apr,1A,1,23,369,RBT021,Rainbow,268,300,U,,,,,,F,,,,37.80,14.10,,,,,
12-Apr-22,Apr,1A,1,603,381,RBT022,Rainbow,477,342,M,,,,,,M,,,,11.20,2.35,,,,,
12-Apr-22,Apr,1A,1,24,370,RBT023,Rainbow,48,164,U,,,,,,U,,,,0.10,0.21,,,,,
12-Apr-22,Apr,1A,1,604,382,RBT024,Rainbow,54,160,U,,,,,,U,,,,0.10,0.19,,,,,
13-Apr-22,Apr,1A,2,13,383,RBT025,Rainbow,46,171,U,,,,,,F,,,,0.10,0.22,,,,,
13-Apr-22,Apr,1A,2,15,384,RBT026,Rainbow,591,356,U,,,,,,F,,,,2.80,0.47,,,,,G01286
13-Apr-22,Apr,1A,2,18,388,RBT027,Rainbow,382,338,U,,,,,,F,,,,2.30,0.60,,,,,
13-Apr-22,Apr,1A,2,18,385,RBT028,Rainbow,40,155,U,,,,,,U,,,,0.10,0.25,,,,,
13-Apr-22,Apr,1A,2,517,386,RBT029,Rainbow,650,373,M,,,,,,M,,,,15.60,2.40,,,,,G01287
13-Apr-22,Apr,1A,2,19,389,RBT030,Rainbow,142,234,U,,,,,,F,,,,0.20,0.14,,,,,G01288
13-Apr-22,Apr,1A,2,19,387,RBT031,Rainbow,342,326,U,,,,,,F,,,,20.40,5.96,,,,,
13-Apr-22,Apr,1A,2,600,401,RBT032,Rainbow,392,310,U,,,,,,M,,,,3.70,0.94,,,,,
13-Apr-22,Apr,1A,2,22,392,RBT033,Rainbow,58,175,U,,,,,,U,,,,0.40,0.69,,,,,
13-Apr-22,Apr,1A,2,22,391,RBT034,Rainbow,405,322,U,,,,,,F,,,,1.30,0.32,,,,,
13-Apr-22,Apr,1A,2,22,390,RBT035,Rainbow,55,168,U,,,,,,F,,,,0.10,0.18,,,,,
13-Apr-22,Apr,1A,2,23,393,RBT036,Rainbow,51,160,U,,,,,,F,,,,0.10,0.20,,,,,
13-Apr-22,Apr,1A,2,23,394,RBT037,Rainbow,47,159,U,,,,,,U,,,,0.10,0.21,,,,,
13-Apr-22,Apr,1A,2,23,395,RBT038,Rainbow,46,156,U,,,,,,U,,,,0.00,0.00,,,,,
13-Apr-22,Apr,1A,2,23,396,RBT039,Rainbow,42,151,U,,,,,,U,,,,0.10,0.24,,,,,
13-Apr-22,Apr,1A,2,23,397,RBT040,Rainbow,559,353,M,,,,,,M,,,,9.60,1.72,,,,,
13-Apr-22,Apr,1A,2,23,398,RBT041,Rainbow,305,309,F,,,,,,F,,,,2.50,0.82,,,,,
13-Apr-22,Apr,1A,2,601,402,RBT042,Rainbow,337,301,U,,,,,,F,,,,1.70,0.50,,,,,
13-Apr-22,Apr,1A,2,602,403,RBT043,Rainbow,685,404,U,,,,,,U,,,,2.30,0.34,,,,,
13-Apr-22,Apr,1A,2,602,399,RBT044,Rainbow,488,338,U,,,,,,M,,,,9.80,2.01,,,,,
13-Apr-22,Apr,1A,2,603,404,RBT045,Rainbow,323,322,U,,,,,,F,,,,1.50,0.46,,,,,
13-Apr-22,Apr,1A,2,604,405,RBT046,Rainbow,510,348,U,,,,,,F,,,,0.80,0.16,,,,,
13-Apr-22,Apr,1A,2,604,400,RBT047,Rainbow,607,371,U,,,,,,F,,,,5.60,0.92,,,,,
14-Apr-22,Apr,1C,3,84,406,RBT048,Rainbow,563,351,U,,,,,,F,,,,96.60,17.16,,,,,G01292
14-Apr-22,Apr,1C,3,661,418,RBT049,Rainbow,391,323,U,,,,,,U,,,,0.20,0.05,,,,,
14-Apr-22,Apr,1C,3,662,419,RBT050,Rainbow,397,338,M,,,,,,M,,,,4.50,1.13,,,,,
14-Apr-22,Apr,1C,3,663,420,RBT052,Rainbow,355,323,M,,,,,,M,,,,6.60,1.86,,,,,
14-Apr-22,Apr,1C,3,663,409,RBT053,Rainbow,291,294,M,,,,,,M,,,,4.50,1.55,,,,,
14-Apr-22,Apr,1C,3,664,421,RBT054,Rainbow,347,301,M,,,,,,M,,,,6.00,1.73,,,,,
14-Apr-22,Apr,1C,3,88,410,RBT055,Rainbow,173,242,M,,,,,,M,,,,3.20,1.85,,,,,
14-Apr-22,Apr,1C,3,88,407,RBT056,Rainbow,112,220,U,,,,,,F,,,,0.20,0.18,,,,,
14-Apr-22,Apr,1C,3,86,408,RBT057,Rainbow,492,332,F,,,,,,F,,,,3.90,0.79,,,,,G01293
14-Apr-22,Apr,1C,3,89,411,RBT057,Rainbow,47,156,U,,,,,,F,,,,0.10,0.21,,,,,
14-Apr-22,Apr,1C,3,666,423,RBT058,Rainbow,219,298,U,,,,,,F,,,,4.40,2.01,,,,,
14-Apr-22,Apr,1C,3,90,412,RBT059,Rainbow,65,171,U,,,,,,U,,,,0.10,0.15,,,,,
14-Apr-22,Apr,1C,3,667,424,RBT060,Rainbow,340,314,U,,,,,,F,,,,1.10,0.32,,,,,
14-Apr-22,Apr,1C,3,91,413,RBT061,Rainbow,64,180,U,,,,,,U,,,,0.00,0.00,,,,,
14-Apr-22,Apr,1C,3,92,414,RBT062,Rainbow,401,341,U,,,,,,F,,,,11.40,2.84,,,,,
14-Apr-22,Apr,1C,3,92,422,RBT063,Rainbow,177,233,U,,,,,,U,,,,0.10,0.06,,,,,G01295
14-Apr-22,Apr,1C,3,669,426,RBT064,Rainbow,475,347,U,,,,,,F,,,,2.60,0.55,,,,,
14-Apr-22,Apr,1C,3,93,415,RBT065,Rainbow,40,152,U,,,,,,F,,,,0.10,0.25,,,,,
14-Apr-22,Apr,1C,3,670,427,RBT066,Rainbow,145,226,M,,,,,,M,,,,2.10,1.45,,,,,
14-Apr-22,Apr,1C,3,670,425,RBT067,Rainbow,59,172,U,,,,,,U,,,,0.00,0.00,,,,,
14-Apr-22,Apr,1C,3,94,416,RBT068,Rainbow,88,202,U,,,,,,F,,,,0.20,0.23,,,,,
14-Apr-22,Apr,1C,3,671,428,RBT069,Rainbow,353,311,U,,,,,,U,,,,0.10,0.03,,,,,
14-Apr-22,Apr,1C,3,95,417,RBT070,Rainbow,50,167,U,,,,,,F,,,,0.10,0.20,,,,,
15-Apr-22,Apr,1C,4,661,441,RBT071,Rainbow,375,310,F,,,,,,F,,,,5.70,1.52,,,,,G01416
15-Apr-22,Apr,1C,4,84,429,RBT072,Rainbow,373,308,U,,,,,,U,,,,0.40,0.11,,,,,
15-Apr-22,Apr,1C,4,85,430,RBT073,Rainbow,322,296,M,,,,,,M,,,,10.90,3.39,,,,,G01419
15-Apr-22,Apr,1C,4,662,442,RBT074,Rainbow,450,349,F,,,,,,F,,,,50.70,11.27,,,,,G01417
15-Apr-22,Apr,1C,4,663,443,RBT075,Rainbow,450,324,M,,,,,,M,,,,7.70,1.71,,,,,
15-Apr-22,Apr,1C,4,86,431,RBT076,Rainbow,351,315,U,,,,,,F,,,,2.10,0.60,,,,,G01421
15-Apr-22,Apr,1C,4,87,432,RBT077,Rainbow,424,348,U,,,,,,F,,,,3.10,0.73,,,,,
15-Apr-22,Apr,1C,4,664,444,RBT078,Rainbow,525,344,U,,,,,,F,,,,76.20,14.51,,,,,
15-Apr-22,Apr,1C,4,88,433,RBT079,Rainbow,40,158,U,,,,,,U,,,,0.10,0.25,,,,,
15-Apr-22,Apr,1C,4,89,434,RBT080,Rainbow,244,287,U,,,,,,F,,,,1.60,0.66,,,,,
15-Apr-22,Apr,1C,4,665,445,RBT081,Rainbow,170,228,U,,,,,,F,,,,0.20,0.12,,,,,
15-Apr-22,Apr,1C,4,666,446,RBT082,Rainbow,350,323,U,,,,,,F,,,,2.10,0.60,,,,,
15-Apr-22,Apr,1C,4,90,435,RBT083,Rainbow,368,331,U,,,,,,F,,,,12.60,3.42,,,,,
15-Apr-22,Apr,1C,4,667,447,RBT084,Rainbow,486,340,U,,,,,,F,,,,1.80,0.37,,,,,
15-Apr-22,Apr,1C,4,667,448,RBT085,Rainbow,337,311,U,,,,,,M,,,,9.50,2.82,,,,,
15-Apr-22,Apr,1C,4,92,437,RBT086,Rainbow,408,335,M,,,,,,M,,,,4.10,1.00,,,,,
15-Apr-22,Apr,1C,4,92,436,RBT087,Rainbow,268,288,M,,,,,,M,,,,5.30,1.98,,,,,
15-Apr-22,Apr,1C,4,669,449,RBT088,Rainbow,420,346,F,,,,,,F,,,,28.90,6.88,,,,,
15-Apr-22,Apr,1C,4,669,453,RBT089,Rainbow,383,308,M,,,,,,M,,,,5.40,1.41,,,,,
15-Apr-22,Apr,1C,4,93,438,RBT090,Rainbow,84,186,U,,,,,,F,,,,0.20,0.24,,,,,
15-Apr-22,Apr,1C,4,93,439,RBT091,Rainbow,160,240,U,,,,,,M,,,,1.70,1.06,,,,,
15-Apr-22,Apr,1C,4,670,450,RBT092,Rainbow,340,312,M,,,,,,M,,,,5.70,1.68,,,,,
15-Apr-22,Apr,1C,4,670,440,RBT093,Rainbow,376,315,M,,,,,,M,,,,7.60,2.02,,,,,
15-Apr-22,Apr,1C,4,95,454,RBT094,Rainbow,496,336,U,,,,,,U,,,,0.80,0.16,,,,,
15-Apr-22,Apr,1C,4,671,451,RBT095,Rainbow,373,342,M,,,,,,M,,,,2.50,0.67,,,,,
15-Apr-22,Apr,1C,4,672,452,RBT096,Rainbow,41,154,U,,,,,,U,,,,0.10,0.24,,,,,
